{
  "solver": "torchgw-precomputed",
  "pair": "en-es",
  "n": 5000,
  "seed": 2,
  "M": 1280,
  "p1_csls": 0.002405949256342957,
  "wall_s": 1.0659235874190927,
  "gpu_peak_gb": 0.9969134330749512
}