{
  "solver": "torchgw-precomputed",
  "pair": "en-es",
  "n": 5000,
  "seed": 0,
  "M": 1280,
  "p1_csls": 0.003937007874015748,
  "wall_s": 1.1820441978052258,
  "gpu_peak_gb": 0.9969124794006348
}