{
  "solver": "torchgw-precomputed",
  "pair": "en-es",
  "n": 5000,
  "seed": 0,
  "M": 5000,
  "p1_csls": 0.006561679790026247,
  "wall_s": 2.1823879266157746,
  "gpu_peak_gb": 1.1542057991027832
}