{
  "solver": "torchgw-precomputed",
  "pair": "en-es",
  "n": 5000,
  "seed": 2,
  "M": 80,
  "p1_csls": 0.0010936132983377078,
  "wall_s": 0.9426927426829934,
  "gpu_peak_gb": 0.946622371673584
}