{
  "solver": "torchgw-precomputed",
  "pair": "en-es",
  "n": 5000,
  "seed": 1,
  "M": 5000,
  "p1_csls": 0.003937007874015748,
  "wall_s": 1.7396734589710832,
  "gpu_peak_gb": 1.1542067527770996
}