{
  "solver": "torchgw-precomputed",
  "pair": "en-es",
  "n": 5000,
  "seed": 2,
  "M": 5000,
  "p1_csls": 0.005905511811023622,
  "wall_s": 1.9847082514315844,
  "gpu_peak_gb": 1.1542067527770996
}