{
  "solver": "torchgw-precomputed",
  "pair": "en-es",
  "n": 5000,
  "seed": 0,
  "M": 320,
  "p1_csls": 0.0026246719160104987,
  "wall_s": 1.3094779858365655,
  "gpu_peak_gb": 0.9566793441772461
}