{
  "solver": "torchgw-precomputed",
  "pair": "en-es",
  "n": 5000,
  "seed": 1,
  "M": 1280,
  "p1_csls": 0.004811898512685914,
  "wall_s": 1.3072567414492369,
  "gpu_peak_gb": 0.9969134330749512
}