{
  "track": "core/05_word_embedding",
  "solver": "torchgw-landmark",
  "seed": 2,
  "solver_version": "torchgw==unknown",
  "subset": "en-es_n5000",
  "timestamp": "2026-04-19T00:59:39.216012+00:00",
  "host": "sh04-01n10.int",
  "status": "ok",
  "error": null,
  "dataset": {
    "pair": "en-es",
    "lang_src": "en",
    "lang_tgt": "es",
    "n_words": 5000
  },
  "hyperparams": {
    "M_samples": 3750,
    "epsilon": 0.0005,
    "max_iter": 300,
    "k": 10,
    "n_landmarks": 50,
    "fgw_alpha": 1.0,
    "distance_mode": "landmark",
    "mixed_precision": true
  },
  "metrics": {
    "correctness": {
      "gw_cost": 0.0030365707352757454,
      "marginal_error": 2.5555236194250324e-06
    },
    "task": {
      "dict_used": "train",
      "p1_nn": 0.00021872265966754156,
      "p5_nn": 0.001968503937007874,
      "p1_csls": 0.0004374453193350831,
      "p5_csls": 0.003499562554680665,
      "test_p1_nn": 0.0,
      "test_p5_nn": 0.0,
      "test_p1_csls": 0.0,
      "test_p5_csls": 0.0
    },
    "efficiency": {
      "wall_s": 3.7373888147994876,
      "wall_s_preprocess": 0.0,
      "wall_s_solve": 3.7373888147994876,
      "wall_s_total": 3.7373888147994876,
      "gpu_peak_gb": 0.9157195091247559,
      "ram_peak_gb": 1.2086563110351562,
      "iterations": 76
    },
    "stability": {}
  },
  "artifacts": {}
}