{
  "track": "core/05_word_embedding",
  "solver": "torchgw-dijkstra",
  "seed": 0,
  "solver_version": "torchgw==unknown",
  "subset": "en-es_n2000",
  "timestamp": "2026-04-18T22:00:34.261137+00:00",
  "host": "sh04-01n10.int",
  "status": "ok",
  "error": null,
  "dataset": {
    "pair": "en-es",
    "lang_src": "en",
    "lang_tgt": "es",
    "n_words": 2000
  },
  "hyperparams": {
    "M_samples": 1500,
    "epsilon": 0.0005,
    "max_iter": 300,
    "k": 10,
    "fgw_alpha": 1.0,
    "distance_mode": "dijkstra",
    "mixed_precision": true
  },
  "metrics": {
    "correctness": {
      "gw_cost": 0.0038521678652614355,
      "marginal_error": 0.0001141874248678505
    },
    "task": {
      "dict_used": "train",
      "p1_nn": 0.0010995052226498076,
      "p5_nn": 0.0038482682792743265,
      "p1_csls": 0.0010995052226498076,
      "p5_csls": 0.003298515667949423,
      "test_p1_nn": 0.0,
      "test_p5_nn": 0.0,
      "test_p1_csls": 0.0,
      "test_p5_csls": 0.0
    },
    "efficiency": {
      "wall_s": 5.915216009132564,
      "wall_s_preprocess": 0.0,
      "wall_s_solve": 5.915216009132564,
      "wall_s_total": 5.915216009132564,
      "gpu_peak_gb": 0.1617879867553711,
      "ram_peak_gb": 1.12322998046875,
      "iterations": 76
    },
    "stability": {}
  },
  "artifacts": {}
}