{
  "track": "core/05_word_embedding",
  "solver": "torchgw-dijkstra",
  "seed": 2,
  "solver_version": "torchgw==unknown",
  "subset": "en-fi_n2000",
  "timestamp": "2026-04-19T00:58:58.962163+00:00",
  "host": "sh04-01n10.int",
  "status": "ok",
  "error": null,
  "dataset": {
    "pair": "en-fi",
    "lang_src": "en",
    "lang_tgt": "fi",
    "n_words": 2000
  },
  "hyperparams": {
    "M_samples": 1500,
    "epsilon": 0.0005,
    "max_iter": 300,
    "k": 10,
    "fgw_alpha": 1.0,
    "distance_mode": "dijkstra",
    "mixed_precision": true
  },
  "metrics": {
    "correctness": {
      "gw_cost": 0.010960366576910019,
      "marginal_error": 0.00013349397458337054
    },
    "task": {
      "dict_used": "train",
      "p1_nn": 0.001145475372279496,
      "p5_nn": 0.004009163802978236,
      "p1_csls": 0.001145475372279496,
      "p5_csls": 0.004581901489117984,
      "test_p1_nn": 0.0,
      "test_p5_nn": 0.0,
      "test_p1_csls": 0.0,
      "test_p5_csls": 0.0
    },
    "efficiency": {
      "wall_s": 5.305681296624243,
      "wall_s_preprocess": 0.0,
      "wall_s_solve": 5.305681296624243,
      "wall_s_total": 5.305681296624243,
      "gpu_peak_gb": 0.1617879867553711,
      "ram_peak_gb": 1.1395683288574219,
      "iterations": 106
    },
    "stability": {}
  },
  "artifacts": {}
}