{
  "track": "core/05_word_embedding",
  "solver": "torchgw-dijkstra",
  "seed": 1,
  "solver_version": "torchgw==unknown",
  "subset": "en-es_n2000",
  "timestamp": "2026-04-18T23:58:15.044349+00:00",
  "host": "sh04-01n10.int",
  "status": "ok",
  "error": null,
  "dataset": {
    "pair": "en-es",
    "lang_src": "en",
    "lang_tgt": "es",
    "n_words": 2000
  },
  "hyperparams": {
    "M_samples": 1500,
    "epsilon": 0.0005,
    "max_iter": 300,
    "k": 10,
    "fgw_alpha": 1.0,
    "distance_mode": "dijkstra",
    "mixed_precision": true
  },
  "metrics": {
    "correctness": {
      "gw_cost": 0.004487346392124891,
      "marginal_error": 1.2331424750271604e-05
    },
    "task": {
      "dict_used": "train",
      "p1_nn": 0.0010995052226498076,
      "p5_nn": 0.0038482682792743265,
      "p1_csls": 0.0010995052226498076,
      "p5_csls": 0.0043980208905992305,
      "test_p1_nn": 0.0,
      "test_p5_nn": 0.0,
      "test_p1_csls": 0.0,
      "test_p5_csls": 0.0
    },
    "efficiency": {
      "wall_s": 4.9432092579081655,
      "wall_s_preprocess": 0.0,
      "wall_s_solve": 4.9432092579081655,
      "wall_s_total": 4.9432092579081655,
      "gpu_peak_gb": 0.1617879867553711,
      "ram_peak_gb": 1.1207046508789062,
      "iterations": 88
    },
    "stability": {}
  },
  "artifacts": {}
}