{
  "track": "core/05_word_embedding",
  "solver": "torchgw-dijkstra",
  "seed": 2,
  "solver_version": "torchgw==unknown",
  "subset": "en-fi_n5000",
  "timestamp": "2026-04-19T01:08:28.837647+00:00",
  "host": "sh04-01n10.int",
  "status": "ok",
  "error": null,
  "dataset": {
    "pair": "en-fi",
    "lang_src": "en",
    "lang_tgt": "fi",
    "n_words": 5000
  },
  "hyperparams": {
    "M_samples": 3750,
    "epsilon": 0.0005,
    "max_iter": 300,
    "k": 10,
    "fgw_alpha": 1.0,
    "distance_mode": "dijkstra",
    "mixed_precision": true
  },
  "metrics": {
    "correctness": {
      "gw_cost": 0.014925078488886356,
      "marginal_error": 7.3534823517037e-06
    },
    "task": {
      "dict_used": "train",
      "p1_nn": 0.00046274872744099955,
      "p5_nn": 0.0016196205460434984,
      "p1_csls": 0.00023137436372049977,
      "p5_csls": 0.0023137436372049976,
      "test_p1_nn": 0.0,
      "test_p5_nn": 0.0,
      "test_p1_csls": 0.0,
      "test_p5_csls": 0.0
    },
    "efficiency": {
      "wall_s": 310.55495500098914,
      "wall_s_preprocess": 0.0,
      "wall_s_solve": 310.55495500098914,
      "wall_s_total": 310.55495500098914,
      "gpu_peak_gb": 0.91339111328125,
      "ram_peak_gb": 1.6575050354003906,
      "iterations": 84
    },
    "stability": {}
  },
  "artifacts": {}
}