{
  "track": "core/05_word_embedding",
  "solver": "torchgw-landmark",
  "seed": 1,
  "solver_version": "torchgw==unknown",
  "subset": "en-fi_n10000",
  "timestamp": "2026-04-19T00:48:53.363772+00:00",
  "host": "sh04-01n10.int",
  "status": "ok",
  "error": null,
  "dataset": {
    "pair": "en-fi",
    "lang_src": "en",
    "lang_tgt": "fi",
    "n_words": 10000
  },
  "hyperparams": {
    "M_samples": 7500,
    "epsilon": 0.0005,
    "max_iter": 300,
    "k": 10,
    "n_landmarks": 50,
    "fgw_alpha": 1.0,
    "distance_mode": "landmark",
    "mixed_precision": true
  },
  "metrics": {
    "correctness": {
      "gw_cost": 0.004614255391061306,
      "marginal_error": 2.591761519087703e-05
    },
    "task": {
      "dict_used": "train",
      "p1_nn": 0.0002,
      "p5_nn": 0.0008,
      "p1_csls": 0.0002,
      "p5_csls": 0.001,
      "test_p1_nn": 0.0,
      "test_p5_nn": 0.0006666666666666666,
      "test_p1_csls": 0.0,
      "test_p5_csls": 0.0006666666666666666
    },
    "efficiency": {
      "wall_s": 15.418392730876803,
      "wall_s_preprocess": 0.0,
      "wall_s_solve": 15.418392730876803,
      "wall_s_total": 15.418392730876803,
      "gpu_peak_gb": 3.6232099533081055,
      "ram_peak_gb": 1.7865219116210938,
      "iterations": 76
    },
    "stability": {}
  },
  "artifacts": {}
}